model,threshold_mode,aggregation,exit,macro_f1,micro_f1,samples_f1,exact_match,hamming_loss,jaccard_score,avg_true_labels,avg_pred_labels
v0.8-HCB 3-exit,fixed_0p5,mean,1,0.1130036651,0.3166357452,0.2040369089,0.0288350634,0.1274509804,0.15965,1.469435,0.395617
v0.8-HCB 3-exit,fixed_0p5,mean,2,0.6314930598,0.7738515901,0.7197231834,0.5467128028,0.0590542099,0.675221,1.469435,1.141869
v0.8-HCB 3-exit,fixed_0p5,mean,3,0.7800964182,0.9331742243,0.9405997693,0.8396770473,0.0193771626,0.917436,1.469435,1.430219
