model,exit,aggregation,threshold_mode,macro_f1,micro_f1,samples_f1,exact_match,hamming_loss,avg_true_labels,avg_pred_labels
v0.6 3-exit,3,mean,fixed_0p5,0.753729,0.886486,0.899231,0.749712,0.031488,1.469435,1.304498
v0.6 5-exit,5,mean,fixed_0p5,0.745953,0.877149,0.88812,0.723183,0.033795,1.469435,1.28143
v0.8-HCB 3-exit official,3,mean,fixed_0p5,0.7800964181720527,0.9331742243436754,0.9405997693194925,0.839677047289504,0.019377162629757784,1.469434832756632,1.4302191464821223
v0.8-HCB 3-exit label-aware,3,mean/max label-aware,fixed_0p5,0.8320465460492906,0.9285435376805935,0.9375130444334596,0.8235294117647058,0.02110726643598616,1.469434832756632,1.4844290657439447
