model,final_exit,macro_f1,micro_f1,samples_f1,exact_match,hamming_loss,avg_true_labels,avg_pred_labels
v0.6 3-exit,3,0.7537290633,0.8864864865,0.899231065,0.7497116494,0.0314878893,1.469435,1.304498
v0.6 5-exit,5,0.745953122,0.877148847,0.8881199539,0.723183391,0.0337946943,1.469435,1.28143
v0.8-HCB 3-exit,3,0.7800964182,0.9331742243,0.9405997693,0.8396770473,0.0193771626,1.469435,1.430219
