exit,macro_f1,micro_f1,samples_f1,exact_match,hamming_loss,avg_true_labels,avg_pred_labels
1,0.2185307331,0.3579746835,0.2833248343,0.1534931158,0.1293217746,1.4492605813,0.565017848
2,0.6713450109,0.6837280367,0.6477768874,0.4472208057,0.0844467109,1.4492605813,1.2208057114
3,0.8305120139,0.8283321703,0.8285447172,0.6206017338,0.0501784804,1.4492605813,1.4737378888
