method,aggregation_rule,macro_f1,micro_f1,samples_f1,exact_match,hamming_loss,jaccard_score,avg_true_labels,avg_pred_labels,official_use
parent_mean_official,mean for all 10 labels,0.7800964181720527,0.9331742243436754,0.9405997693194925,0.839677047289504,0.019377162629757784,0.917435601691657,1.469434832756632,1.4302191464821223,headline overall result
global_max_diagnostic,max for all 10 labels,0.7250667387884888,0.8202764976958525,0.8423381117152744,0.5121107266435986,0.0629757785467128,0.7667820069204152,1.469434832756632,2.0346020761245676,diagnostic only; not final
label_aware_mean_max,mean for 8 stable labels; max for audience_reaction_present and silence_present,0.8320465460492906,0.9285435376805935,0.9375130444334596,0.8235294117647058,0.02110726643598616,0.9115724721261054,1.469434832756632,1.4844290657439447,post-hoc macro-F1 / transient-label analysis
