{
  "branch": "agentic_data_preprocessing_v0.5_tata_2",
  "dataset": {
    "parent_clips_training_ready": 2074,
    "segments": 12469,
    "labels": [
      "Brene_Brown",
      "Eckhart_Tolle",
      "Eric_Thomas",
      "Gary_Vee",
      "Jay_Shetty",
      "Nick_Vujicic",
      "other_speaker_present",
      "music_present",
      "applause_present",
      "laughter_present",
      "crowd_cheer_present",
      "silence_present"
    ],
    "segment_build_errors": 0,
    "parent_clip_leakage": 0
  },
  "results": {
    "3exit_fixed": {
      "thresholds": {
        "Brene_Brown": 0.5,
        "Eckhart_Tolle": 0.5,
        "Eric_Thomas": 0.5,
        "Gary_Vee": 0.5,
        "Jay_Shetty": 0.5,
        "Nick_Vujicic": 0.5,
        "other_speaker_present": 0.5,
        "music_present": 0.5,
        "applause_present": 0.5,
        "laughter_present": 0.5,
        "crowd_cheer_present": 0.5,
        "silence_present": 0.5
      },
      "micro_f1": 0.7655719139297849,
      "macro_f1": 0.7773639608170947,
      "samples_f1": 0.7503168937131202,
      "micro_precision": 0.7709351580319322,
      "micro_recall": 0.7602827763496144,
      "macro_precision": 0.8139523220485204,
      "macro_recall": 0.760755743932302,
      "exact_match": 0.4895461499235084,
      "hamming_loss": 0.06157572667006629,
      "avg_true_labels": 1.5869454360020399,
      "avg_pred_labels": 1.565017848036716,
      "per_label": {
        "Brene_Brown": {
          "threshold": 0.5,
          "precision": 0.7751479289940828,
          "recall": 0.8733333333333333,
          "f1": 0.8213166144200627,
          "support": 150,
          "predicted_positive": 169
        },
        "Eckhart_Tolle": {
          "threshold": 0.5,
          "precision": 0.9253731343283582,
          "recall": 0.9185185185185185,
          "f1": 0.9219330855018587,
          "support": 135,
          "predicted_positive": 134
        },
        "Eric_Thomas": {
          "threshold": 0.5,
          "precision": 0.8854166666666666,
          "recall": 0.6296296296296297,
          "f1": 0.7359307359307359,
          "support": 135,
          "predicted_positive": 96
        },
        "Gary_Vee": {
          "threshold": 0.5,
          "precision": 0.9803921568627451,
          "recall": 0.7894736842105263,
          "f1": 0.8746355685131195,
          "support": 190,
          "predicted_positive": 153
        },
        "Jay_Shetty": {
          "threshold": 0.5,
          "precision": 0.8622047244094488,
          "recall": 0.8423076923076923,
          "f1": 0.8521400778210116,
          "support": 260,
          "predicted_positive": 254
        },
        "Nick_Vujicic": {
          "threshold": 0.5,
          "precision": 0.8582089552238806,
          "recall": 0.7666666666666667,
          "f1": 0.8098591549295775,
          "support": 150,
          "predicted_positive": 134
        },
        "other_speaker_present": {
          "threshold": 0.5,
          "precision": 0.5654281098546042,
          "recall": 0.684931506849315,
          "f1": 0.6194690265486725,
          "support": 511,
          "predicted_positive": 619
        },
        "music_present": {
          "threshold": 0.5,
          "precision": 0.9768421052631578,
          "recall": 0.7341772151898734,
          "f1": 0.8383017163504969,
          "support": 632,
          "predicted_positive": 475
        },
        "applause_present": {
          "threshold": 0.5,
          "precision": 0.9072463768115943,
          "recall": 0.8151041666666666,
          "f1": 0.8587105624142661,
          "support": 384,
          "predicted_positive": 345
        },
        "laughter_present": {
          "threshold": 0.5,
          "precision": 0.5608974358974359,
          "recall": 0.720164609053498,
          "f1": 0.6306306306306306,
          "support": 243,
          "predicted_positive": 312
        },
        "crowd_cheer_present": {
          "threshold": 0.5,
          "precision": 0.6036036036036037,
          "recall": 0.7976190476190477,
          "f1": 0.6871794871794872,
          "support": 252,
          "predicted_positive": 333
        },
        "silence_present": {
          "threshold": 0.5,
          "precision": 0.8666666666666667,
          "recall": 0.5571428571428572,
          "f1": 0.6782608695652174,
          "support": 70,
          "predicted_positive": 45
        }
      }
    },
    "3exit_tuned": {
      "thresholds": {
        "Brene_Brown": 0.8500000238418579,
        "Eckhart_Tolle": 0.6399999856948853,
        "Eric_Thomas": 0.20000000298023224,
        "Gary_Vee": 0.4099999964237213,
        "Jay_Shetty": 0.27000001072883606,
        "Nick_Vujicic": 0.4399999976158142,
        "other_speaker_present": 0.4000000059604645,
        "music_present": 0.15000000596046448,
        "applause_present": 0.5,
        "laughter_present": 0.7200000286102295,
        "crowd_cheer_present": 0.3499999940395355,
        "silence_present": 0.30000001192092896
      },
      "micro_f1": 0.7796296296296297,
      "macro_f1": 0.7915551648743501,
      "samples_f1": 0.761882907165926,
      "micro_precision": 0.75,
      "micro_recall": 0.8116966580976864,
      "macro_precision": 0.7928000814306423,
      "macro_recall": 0.804673884365603,
      "exact_match": 0.47322794492605813,
      "hamming_loss": 0.06068332483426823,
      "avg_true_labels": 1.5869454360020399,
      "avg_pred_labels": 1.717491075981642,
      "per_label": {
        "Brene_Brown": {
          "threshold": 0.8500000238418579,
          "precision": 0.8814814814814815,
          "recall": 0.7933333333333333,
          "f1": 0.8350877192982457,
          "support": 150,
          "predicted_positive": 135
        },
        "Eckhart_Tolle": {
          "threshold": 0.6399999856948853,
          "precision": 0.9461538461538461,
          "recall": 0.9111111111111111,
          "f1": 0.9283018867924528,
          "support": 135,
          "predicted_positive": 130
        },
        "Eric_Thomas": {
          "threshold": 0.20000000298023224,
          "precision": 0.7605633802816901,
          "recall": 0.8,
          "f1": 0.779783393501805,
          "support": 135,
          "predicted_positive": 142
        },
        "Gary_Vee": {
          "threshold": 0.4099999964237213,
          "precision": 0.9636363636363636,
          "recall": 0.8368421052631579,
          "f1": 0.895774647887324,
          "support": 190,
          "predicted_positive": 165
        },
        "Jay_Shetty": {
          "threshold": 0.27000001072883606,
          "precision": 0.7617554858934169,
          "recall": 0.9346153846153846,
          "f1": 0.8393782383419689,
          "support": 260,
          "predicted_positive": 319
        },
        "Nick_Vujicic": {
          "threshold": 0.4399999976158142,
          "precision": 0.8561151079136691,
          "recall": 0.7933333333333333,
          "f1": 0.8235294117647058,
          "support": 150,
          "predicted_positive": 139
        },
        "other_speaker_present": {
          "threshold": 0.4000000059604645,
          "precision": 0.510752688172043,
          "recall": 0.7436399217221135,
          "f1": 0.6055776892430279,
          "support": 511,
          "predicted_positive": 744
        },
        "music_present": {
          "threshold": 0.15000000596046448,
          "precision": 0.9187817258883249,
          "recall": 0.8591772151898734,
          "f1": 0.8879803761242846,
          "support": 632,
          "predicted_positive": 591
        },
        "applause_present": {
          "threshold": 0.5,
          "precision": 0.9072463768115943,
          "recall": 0.8151041666666666,
          "f1": 0.8587105624142661,
          "support": 384,
          "predicted_positive": 345
        },
        "laughter_present": {
          "threshold": 0.7200000286102295,
          "precision": 0.7397959183673469,
          "recall": 0.5967078189300411,
          "f1": 0.6605922551252847,